City,Borough,Neighbourhood
Guangzhou,Baiyun,Jingtai
Guangzhou,Baiyun,Songzhou
Guangzhou,Baiyun,Tongde
Guangzhou,Baiyun,Huangshi
Guangzhou,Baiyun,Tangjing
Guangzhou,Baiyun,Xinshi
Guangzhou,Baiyun,Sanyuanli
Guangzhou,Baiyun,Tonghe
Guangzhou,Baiyun,Jingxi
Guangzhou,Baiyun,Yongping
Guangzhou,Baiyun,Junhe
Guangzhou,Baiyun,Jinsha
Guangzhou,Baiyun,Shijing
Guangzhou,Baiyun,Jiahe
Guangzhou,Baiyun,Renhe
Guangzhou,Baiyun,Taihe
Guangzhou,Baiyun,Jianggao
Guangzhou,Baiyun,Zhongluotan
Guangzhou,Haizhu,Haichuang
Guangzhou,Haizhu,Chigang
Guangzhou,Haizhu,Xingang
Guangzhou,Haizhu,Binjiang
Guangzhou,Haizhu,Sushe
Guangzhou,Haizhu,Nanhuaxi
Guangzhou,Haizhu,Longfeng
Guangzhou,Haizhu,Shayuan
Guangzhou,Haizhu,Ruibao
Guangzhou,Haizhu,Jianghai
Guangzhou,Haizhu,Fengyang
Guangzhou,Haizhu,Nanshitou
Guangzhou,Haizhu,Huazhou
Guangzhou,Haizhu,Changgang
Guangzhou,Haizhu,Nanzhou
Guangzhou,Haizhu,Pazhou
Guangzhou,Haizhu,Guanzhou
Guangzhou,Haizhu,Jiangnanzhong
Guangzhou,Huadu,Timian
Guangzhou,Huadu,Huashan
Guangzhou,Huadu,Tanbu
Guangzhou,Huadu,Chini
Guangzhou,Huadu,Shiling
Guangzhou,Huadu,Huadong
Guangzhou,Huadu,Yayao
Guangzhou,Huadu,Xinhua
Guangzhou,Huangpu,Dasha
Guangzhou,Huangpu,Huangpu
Guangzhou,Huangpu,Hongshan
Guangzhou,Huangpu,Yuzhu
Guangzhou,Huangpu,Wenchong
Guangzhou,Huangpu,Nangang
Guangzhou,Huangpu,Zhangzhou
Guangzhou,Huangpu,Suidong
Guangzhou,Huangpu,Lilian
Guangzhou,Liwan,Jinhua
Guangzhou,Liwan,Shamian
Guangzhou,Liwan,Hualin
Guangzhou,Liwan,Duobao
Guangzhou,Liwan,Changhua
Guangzhou,Liwan,Fengyuan
Guangzhou,Liwan,Longjin
Guangzhou,Liwan,Caihong
Guangzhou,Liwan,Nanyuan
Guangzhou,Liwan,Xicun
Guangzhou,Liwan,Zhanqian
Guangzhou,Liwan,Lingnan
Guangzhou,Liwan,Qiaozhong
Guangzhou,Liwan,Chongkou
Guangzhou,Liwan,Huadi
Guangzhou,Liwan,Chajiao
Guangzhou,Liwan,Hailong
Guangzhou,Liwan,Zhongnan
Guangzhou,Liwan,Dongjiao
Guangzhou,Liwan,Dongsha
Guangzhou,Liwan,Baihedong
Guangzhou,Liwan,Shiweitang
Guangzhou,Luogang,Luogang
Guangzhou,Luogang,Xiagang
Guangzhou,Luogang,Dongqu
Guangzhou,Luogang,Lianhe
Guangzhou,Luogang,Yonghe
Guangzhou,Luogang,Jiulong
Guangzhou,Nansha,Nansha
Guangzhou,Nansha,Zhujiang
Guangzhou,Nansha,Huangge
Guangzhou,Nansha,Wanqingsha
Guangzhou,Nansha,Hengli
Guangzhou,Panyu,Shiqiao
Guangzhou,Panyu,Shawan
Guangzhou,Panyu,Zhongcun
Guangzhou,Panyu,Shibi
Guangzhou,Panyu,Dashi
Guangzhou,Panyu,Luopu
Guangzhou,Panyu,Dalong
Guangzhou,Panyu,Donghuan
Guangzhou,Panyu,Qiaonan
Guangzhou,Panyu,Shatou
Guangzhou,Panyu,Xiaoguwei
Guangzhou,Panyu,Nancun
Guangzhou,Panyu,Xinzao
Guangzhou,Panyu,Hualong
Guangzhou,Panyu,Shilou
Guangzhou,Panyu,Dongyong
Guangzhou,Panyu,Dagang
Guangzhou,Panyu,Lanhe
Guangzhou,Panyu,Shiqi
Guangzhou,Tianhe,Tianyuan
Guangzhou,Tianhe,Wushan
Guangzhou,Tianhe,Guangzhou
Guangzhou,Tianhe,Yuancun
Guangzhou,Tianhe,Chebei
Guangzhou,Tianhe,Shahe
Guangzhou,Tianhe,Shipai
Guangzhou,Tianhe,Xinghua
Guangzhou,Tianhe,Shadong
Guangzhou,Tianhe,Linhe
Guangzhou,Tianhe,Tangxia
Guangzhou,Tianhe,Liede
Guangzhou,Tianhe,Xiancun
Guangzhou,Tianhe,Yuangang
Guangzhou,Tianhe,Tianhenan
Guangzhou,Tianhe,Huangcun
Guangzhou,Tianhe,Longdong
Guangzhou,Tianhe,Changxing
Guangzhou,Tianhe,Fenghuang
Guangzhou,Tianhe,Qianjin
Guangzhou,Tianhe,Zhuji
Guangzhou,Tianhe,Xintang
Guangzhou,Yuexiu,Hongqiao
Guangzhou,Yuexiu,Guangwei
Guangzhou,Yuexiu,Beijing
Guangzhou,Yuexiu,Liurong
Guangzhou,Yuexiu,Liuhua
Guangzhou,Yuexiu,Dongfeng
Guangzhou,Yuexiu,Guangta
Guangzhou,Yuexiu,Shishu
Guangzhou,Yuexiu,Daxin
Guangzhou,Yuexiu,Renmin
Guangzhou,Yuexiu,Dongshan
Guangzhou,Yuexiu,Nonglin
Guangzhou,Yuexiu,Meihuacun
Guangzhou,Yuexiu,Huanghuagang
Guangzhou,Yuexiu,Huale
Guangzhou,Yuexiu,Jianshe
Guangzhou,Yuexiu,Datang
Guangzhou,Yuexiu,Zhuguang
Guangzhou,Yuexiu,Dadong
Guangzhou,Yuexiu,Baiyun
Guangzhou,Yuexiu,Dengfeng
Guangzhou,Yuexiu,Kuangquan
Guangzhou,Conghua,Jiekou
Guangzhou,Conghua,Chengjiao
Guangzhou,Conghua,Jiangbu
Guangzhou,Conghua,Wenquan
Guangzhou,Conghua,Liangkou
Guangzhou,Conghua,LÃ¼tian
Guangzhou,Conghua,Taiping
Guangzhou,Conghua,Aotou
Guangzhou,Zengcheng,Licheng
Guangzhou,Zengcheng,Zengjiang
Guangzhou,Zengcheng,Zhucun
Guangzhou,Zengcheng,Zhengguo
Guangzhou,Zengcheng,Shitan
Guangzhou,Zengcheng,Xintang
Guangzhou,Zengcheng,Zhongxin
Guangzhou,Zengcheng,Paitan
Guangzhou,Zengcheng,Xiaolou
